barcode,name,price_paise,mrp_paise,hsn_code,category_name,image_url,is_returnable
8906010500214,Balaji Wafers Sev Murmura,37299,40301,1101,cereals,https://images.openfoodfacts.org/images/products/890/601/050/0214/front_en.8.400.jpg,false
8901499008169,Chocos (Kellogg's),22012,25297,1101,cereals,https://images.openfoodfacts.org/images/products/890/149/900/8169/front_en.16.400.jpg,false
8901491103794,"Oats (Pepsico, Quaker)",16263,17363,1101,cereals,https://images.openfoodfacts.org/images/products/890/149/110/3794/front_en.41.400.jpg,false
8901499010513,"Muesli Fruit, Nut & Seeds (Kellogg's)",26346,28072,1101,cereals,https://images.openfoodfacts.org/images/products/890/149/901/0513/front_en.12.400.jpg,false
8901088068734,Saffola Masala Oats - Classic Masala,32065,33998,1101,cereals,https://images.openfoodfacts.org/images/products/890/108/806/8734/front_en.19.400.jpg,false
8901063014299,Britannia Vita Marie Gold Biscuits (Britannia Industries Ltd.),19508,21051,1101,cereals,https://images.openfoodfacts.org/images/products/890/106/301/4299/front_en.35.400.jpg,false
8908003872315,Poha,21452,23739,1101,cereals,https://images.openfoodfacts.org/images/products/890/800/387/2315/front_en.4.400.jpg,false
8904043551548,Modern 100% Whole Wheat Bread,35443,40380,1101,cereals,https://images.openfoodfacts.org/images/products/890/404/355/1548/front_en.15.400.jpg,false
8904335604150,Yoga Bar Millet Muesli,38254,41038,1101,cereals,https://images.openfoodfacts.org/images/products/890/433/560/4150/front_en.17.400.jpg,false
8908005144632,Muesli dark chocolate cranberry (Yoga bar),34589,38678,1101,cereals,https://images.openfoodfacts.org/images/products/890/800/514/4632/front_en.4.400.jpg,false
8901088068741,Masala Oats - Peppy Tomato (Saffola),32108,36861,1101,cereals,https://images.openfoodfacts.org/images/products/890/108/806/8741/front_en.24.400.jpg,false
8901491103800,Oats (Quaker),34132,38274,1101,cereals,https://images.openfoodfacts.org/images/products/890/149/110/3800/front_en.4.400.jpg,false
8906136651968,High Protein Oats Chocolate (Pintola),21513,23843,1101,cereals,https://images.openfoodfacts.org/images/products/890/613/665/1968/front_en.13.400.jpg,false
8901499023339,"Muesli Fruit, Nut & Seeds (Kellogg's)",45982,51237,1101,cereals,https://images.openfoodfacts.org/images/products/890/149/902/3339/front_en.3.400.jpg,false
8904043552644,Modern Sandwich Supreme Bread,15835,16736,1101,cereals,https://images.openfoodfacts.org/images/products/890/404/355/2644/front_en.15.400.jpg,false
8901088068758,Saffola Masala Veggie Twist Oats,48934,51954,1101,cereals,https://images.openfoodfacts.org/images/products/890/108/806/8758/front_en.26.400.jpg,false
8906010501822,GIPPI (Balaji),26420,29930,1101,cereals,https://images.openfoodfacts.org/images/products/890/601/050/1822/front_en.7.400.jpg,false
8901491702188,Oats (Quaker),36547,40460,1101,cereals,https://images.openfoodfacts.org/images/products/890/149/170/2188/front_en.3.400.jpg,false
8901088213608,"Saffola Oats (Saffola, Marico)",42336,47941,1101,cereals,https://images.openfoodfacts.org/images/products/890/108/821/3608/front_en.3.400.jpg,false
8906113490887,Tata Soulfull Millet Muesli,47887,50795,1101,cereals,https://images.openfoodfacts.org/images/products/890/611/349/0887/front_en.3.400.jpg,false
8908005144618,Yoga Bar Super Muesli 0% Added Sugar,25971,29640,1101,cereals,https://images.openfoodfacts.org/images/products/890/800/514/4618/front_en.4.400.jpg,false
8901499010483,Kelloggs Muesli (Kellogg's),16242,18546,1101,cereals,https://images.openfoodfacts.org/images/products/890/149/901/0483/front_en.24.400.jpg,false
8906127550850,High protein super oats chocolate (Alpino),36763,41897,1101,cereals,https://images.openfoodfacts.org/images/products/890/612/755/0850/front_en.16.400.jpg,false
8908009059185,Zero Maida Whole Wheat Bread (The Health Factory),18945,20112,1101,cereals,https://images.openfoodfacts.org/images/products/890/800/905/9185/front_en.37.400.jpg,false
8904335601869,Yoga bar 23G protein muesli + choco almond + cranberry,36150,40355,1101,cereals,https://images.openfoodfacts.org/images/products/890/433/560/1869/front_en.14.400.jpg,false
8901499010742,Chocos Crunchy Bites (Kellogg's),28265,31209,1101,cereals,https://images.openfoodfacts.org/images/products/890/149/901/0742/front_fr.3.400.jpg,false
8904335601951,100% Rolled Oats (Yoga Bar),49258,53014,1101,cereals,https://images.openfoodfacts.org/images/products/890/433/560/1951/front_en.14.400.jpg,false
8901063325753,Britannia Toastea Premium Bake Rusk with Real Elaichi,41513,46506,1101,cereals,https://images.openfoodfacts.org/images/products/890/106/332/5753/front_en.3.400.jpg,false
8901063325920,Britannia Toastea Premium Bake Rusk with Real Elaichi,22097,24250,1101,cereals,https://images.openfoodfacts.org/images/products/890/106/332/5920/front_en.3.400.jpg,false
8908005144649,Muesli+ (Fruits + Nuts & Seeds) (Yoga Bar),40058,44838,1101,cereals,https://images.openfoodfacts.org/images/products/890/800/514/4649/front_en.26.400.jpg,false
8901499008800,Kellogg's chochos,38740,44402,1101,cereals,https://images.openfoodfacts.org/images/products/890/149/900/8800/front_en.9.400.jpg,false
8902710500752,Nutty Fruity Muesli (Baggry’s),43559,46400,1101,cereals,https://images.openfoodfacts.org/images/products/890/271/050/0752/front_en.10.400.jpg,false
8901088155496,Saffola oats,35408,38093,1101,cereals,https://images.openfoodfacts.org/images/products/890/108/815/5496/front_en.17.400.jpg,false
8901088034593,SAFOLA ACTIVE - MULTI-SOURCE EDIBLE OIL (Saffola),35571,39977,1101,cereals,https://images.openfoodfacts.org/images/products/890/108/803/4593/front_en.25.400.jpg,false
8901725016838,"Aashirvaad Superior MP Atta (Aashirvaad, ITC)",31196,32818,1101,cereals,https://images.openfoodfacts.org/images/products/890/172/501/6838/front_en.7.400.jpg,false
8901088055772,Oats (Saffola),48649,52720,1101,cereals,https://images.openfoodfacts.org/images/products/890/108/805/5772/front_en.39.400.jpg,false
8901499008244,Chocos Moons & Stars (Kellogg's),22108,24958,1101,cereals,https://images.openfoodfacts.org/images/products/890/149/900/8244/front_en.15.400.jpg,false
8906120100137,Chia seeds (Farmley),38633,42310,1101,cereals,https://images.openfoodfacts.org/images/products/890/612/010/0137/front_en.3.400.jpg,false
8904335601890,Yoga bar High Protein Muesli+,32630,35853,1101,cereals,https://images.openfoodfacts.org/images/products/890/433/560/1890/front_en.22.400.jpg,false
8901499009661,Kellogg's corn flakes original,42939,48442,1101,cereals,https://images.openfoodfacts.org/images/products/890/149/900/9661/front_en.3.400.jpg,false
8901499009043,kelloggs chocos multigrain (Kellogg's),32074,36252,1101,cereals,https://images.openfoodfacts.org/images/products/890/149/900/9043/front_en.12.400.jpg,false
8904043554716,"Crem Treat Vanilla Crem bun (Bimbo, Modern)",42177,44830,1101,cereals,https://images.openfoodfacts.org/images/products/890/404/355/4716/front_en.18.400.jpg,false
8901499010728,Kellogg's chocos,30632,34435,1101,cereals,https://images.openfoodfacts.org/images/products/890/149/901/0728/front_en.14.400.jpg,false
8901063325036,Britannia toastea 250gm,21154,23667,1101,cereals,https://images.openfoodfacts.org/images/products/890/106/332/5036/front_en.10.400.jpg,false
8906136651951,Pintola High Protein Oats Dark Chocolate,48346,54893,1101,cereals,https://images.openfoodfacts.org/images/products/890/613/665/1951/front_en.10.400.jpg,false
8901499009708,Kellogg's Choco fills,38291,43223,1101,cereals,https://images.openfoodfacts.org/images/products/890/149/900/9708/front_en.3.400.jpg,false
8901491363020,Chilli Chatka (10),30015,33480,1101,cereals,https://images.openfoodfacts.org/images/products/890/149/136/3020/front_en.6.400.jpg,false
8901499008183,Corn Flakes Original (Kellogg's),47486,54032,1101,cereals,https://images.openfoodfacts.org/images/products/890/149/900/8183/front_en.14.400.jpg,false
8901088129800,Masala Oats (Saffola),20840,23235,1101,cereals,https://images.openfoodfacts.org/images/products/890/108/812/9800/front_en.20.400.jpg,false
8901499009623,Chocos Fills (Kellogg's),21846,24891,1101,cereals,https://images.openfoodfacts.org/images/products/890/149/900/9623/front_en.24.400.jpg,false
8906000212202,Custard Powder (Pillsbury),9825,10745,0401,dairy,https://images.openfoodfacts.org/images/products/890/600/021/2202/front_en.5.400.jpg,false
8904089915137,Daily Health Toned Milk (Heritage),4351,4946,0401,dairy,https://images.openfoodfacts.org/images/products/890/408/991/5137/front_en.3.400.jpg,false
8901262120005,mithai mate (Amul),8817,9284,0401,dairy,https://images.openfoodfacts.org/images/products/890/126/212/0005/front_en.3.400.jpg,false
8904083302070,MilkyMist Fruit Yogurt (Milky Mist),3947,4315,0401,dairy,https://images.openfoodfacts.org/images/products/890/408/330/2070/front_en.5.400.jpg,false
8901262030151,Amul Ghee 1ltr,6785,7647,0401,dairy,https://images.openfoodfacts.org/images/products/890/126/203/0151/front_fr.9.400.jpg,false
8901063146280,Winkin cow thick Lassi classic 180ml (Britannia),7949,8825,0401,dairy,https://images.openfoodfacts.org/images/products/890/106/314/6280/front_en.7.400.jpg,false
8904083301813,Cow Ghee (Milky Mist),2727,3118,0401,dairy,https://images.openfoodfacts.org/images/products/890/408/330/1813/front_en.3.400.jpg,false
8906059635090,Greek yogurt (epigama),7628,8762,0401,dairy,https://images.openfoodfacts.org/images/products/890/605/963/5090/front_en.20.400.jpg,false
8901262260114,Gold Milky Milk (Amul),5180,5932,0401,dairy,https://images.openfoodfacts.org/images/products/890/126/226/0114/front_en.3.400.jpg,false
8901030518607,BROWN & POLSON,10489,11698,0401,dairy,https://images.openfoodfacts.org/images/products/890/103/051/8607/front_en.3.400.jpg,false
8906059636936,Epigamia Everyday Yogurt Mango,10252,11176,0401,dairy,https://images.openfoodfacts.org/images/products/890/605/963/6936/front_en.3.400.jpg,false
8901262201124,Amul Masti Dahi,2783,3104,0401,dairy,https://images.openfoodfacts.org/images/products/890/126/220/1124/front_en.4.400.jpg,false
8901063401136,Cheese Slices (Britannia),3148,3309,0401,dairy,https://images.openfoodfacts.org/images/products/890/106/340/1136/front_en.3.400.jpg,false
8901542002090,DoodhShakti Ghee (Nutralite),8658,9924,0401,dairy,https://images.openfoodfacts.org/images/products/890/154/200/2090/front_en.5.400.jpg,false
8901063410282,The Laughing Cow Cheese Slices (Britannia),5906,6285,0401,dairy,https://images.openfoodfacts.org/images/products/890/106/341/0282/front_en.9.400.jpg,false
8901262020091,Cheese Cube (Amul),5555,6382,0401,dairy,https://images.openfoodfacts.org/images/products/890/126/202/0091/front_en.4.400.jpg,false
8904089993807,Heritage A-One Spiced Buttermilk,9864,10671,0401,dairy,https://images.openfoodfacts.org/images/products/890/408/999/3807/front_en.6.400.jpg,false
8906010090739,D'lecta Mozzarella Cheese,7074,7894,0401,dairy,https://images.openfoodfacts.org/images/products/890/601/009/0739/front_en.3.400.jpg,false
8901262151344,Badam Shakers (Amul),10437,11421,0401,dairy,https://images.openfoodfacts.org/images/products/890/126/215/1344/front_fr.3.400.jpg,false
8901648001775,Lassi,3669,4191,0401,dairy,https://images.openfoodfacts.org/images/products/890/164/800/1775/front_fr.3.400.jpg,false
8901262202299,PROTEIN DAHL (Amul),9407,10460,0401,dairy,https://images.openfoodfacts.org/images/products/890/126/220/2299/front_en.4.400.jpg,false
8901262030366,AMUL PURE GHEE,10774,11418,0401,dairy,https://images.openfoodfacts.org/images/products/890/126/203/0366/front_en.6.400.jpg,false
6111242100992,Perly (Jaouda),2606,2814,0401,dairy,https://images.openfoodfacts.org/images/products/611/124/210/0992/front_fr.172.400.jpg,false
8906009504131,Ghee (Chitale),4926,5411,0401,dairy,https://images.openfoodfacts.org/images/products/890/600/950/4131/front_en.15.400.jpg,false
8904083307037,Processed Cheese Cubes (Milky Mist),10660,12003,0401,dairy,https://images.openfoodfacts.org/images/products/890/408/330/7037/front_en.3.400.jpg,false
8901063401082,Britannia cheese cube,11888,13082,0401,dairy,https://images.openfoodfacts.org/images/products/890/106/340/1082/front_en.3.400.jpg,false
8906010090296,Feta (D'lecta),7354,8448,0401,dairy,https://images.openfoodfacts.org/images/products/890/601/009/0296/front_en.5.400.jpg,false
8904089921008,Total curd (Heritage),10560,11099,0401,dairy,https://images.openfoodfacts.org/images/products/890/408/992/1008/front_en.3.400.jpg,false
8901262200271,Amul dahi,3985,4331,0401,dairy,https://images.openfoodfacts.org/images/products/890/126/220/0271/front_en.7.400.jpg,false
8901648022169,Mother dairy classic dahi,9988,10685,0401,dairy,https://images.openfoodfacts.org/images/products/890/164/802/2169/front_en.15.400.jpg,false
8901262010436,Amul White Unsalted Butter,9330,9889,0401,dairy,https://images.openfoodfacts.org/images/products/890/126/201/0436/front_en.19.400.jpg,false
8908007380717,Amar Lassi,3943,4330,0401,dairy,https://images.openfoodfacts.org/images/products/890/800/738/0717/front_en.5.400.jpg,false
8906009503714,Chitale Buttermilk,3022,3474,0401,dairy,https://images.openfoodfacts.org/images/products/890/600/950/3714/front_en.3.400.jpg,false
8908000716018,Rajhans Milk,5879,6492,0401,dairy,https://images.openfoodfacts.org/images/products/890/800/071/6018/front_en.5.400.jpg,false
8904083300748,Vanillla Milk Shake (Milky Mist),11257,12864,0401,dairy,https://images.openfoodfacts.org/images/products/890/408/330/0748/front_en.3.400.jpg,false
8901262150989,Amul Gold 1ltr,4948,5376,0401,dairy,https://images.openfoodfacts.org/images/products/890/126/215/0989/front_en.8.400.jpg,false
8906010360115,grb pure ghee,4192,4566,0401,dairy,https://images.openfoodfacts.org/images/products/890/601/036/0115/front_en.3.400.jpg,false
8906019270019,Yakult,8705,9760,0401,dairy,https://images.openfoodfacts.org/images/products/890/601/927/0019/front_en.22.400.jpg,false
8902979051071,Rose Lassi (Cavin's),10325,11174,0401,dairy,https://images.openfoodfacts.org/images/products/890/297/905/1071/front_en.4.400.jpg,false
0850006000012,Yaourt nature sucres U (Coca Cola),8013,9156,0401,dairy,https://images.openfoodfacts.org/images/products/085/000/600/0012/front_fr.4.400.jpg,false
8901648920120,Cow Milk (Mother Dairy),6473,7031,0401,dairy,https://images.openfoodfacts.org/images/products/890/164/892/0120/front_en.3.400.jpg,false
8904089929110,Fresh Paneer (Heritage),6406,6951,0401,dairy,https://images.openfoodfacts.org/images/products/890/408/992/9110/front_en.4.400.jpg,false
8901262030564,Cow Ghee (Amul),11590,12765,0401,dairy,https://images.openfoodfacts.org/images/products/890/126/203/0564/front_en.3.400.jpg,false
8904083302063,Yogurt (Milky Mist),11879,13180,0401,dairy,https://images.openfoodfacts.org/images/products/890/408/330/2063/front_en.3.400.jpg,false
8901648026167,Classic Dahi (Mother Dairy),5702,6146,0401,dairy,https://images.openfoodfacts.org/images/products/890/164/802/6167/front_en.7.400.jpg,false
8906059635069,Greek yogurt wild raspberry (Epigamia),2815,2978,0401,dairy,https://images.openfoodfacts.org/images/products/890/605/963/5069/front_en.13.400.jpg,false
8901262020299,Pure Milk Cheese (Amul),11219,12624,0401,dairy,https://images.openfoodfacts.org/images/products/890/126/202/0299/front_en.3.400.jpg,false
8906024484142,badam flavored milk (DODLA),5990,6690,0401,dairy,https://images.openfoodfacts.org/images/products/890/602/448/4142/front_en.11.400.jpg,false
8901071732451,Hershey's milk shake almond flavor,7535,8274,0401,dairy,https://images.openfoodfacts.org/images/products/890/107/173/2451/front_en.5.400.jpg,false
8902979010559,Belgian Chocolate Milkshake (Cavin's),6726,7373,0401,dairy,https://images.openfoodfacts.org/images/products/890/297/901/0559/front_en.3.400.jpg,false
8901491001786,Wafers Style Salt with Pepper (Lay's),1526,1720,1905,snacks,https://images.openfoodfacts.org/images/products/890/149/100/1786/front_fr.3.400.jpg,false
8906078720890,Masala Ponga (Gopal Namkeen),5428,5891,1905,snacks,https://images.openfoodfacts.org/images/products/890/607/872/0890/front_en.3.400.jpg,false
8901063363359,Cake Fudge It - Choco Brownie (Britannia),12210,13371,1905,snacks,https://images.openfoodfacts.org/images/products/890/106/336/3359/front_en.12.400.jpg,false
8906005610942,Fruit Cake (Winkies),2883,3179,1905,snacks,https://images.openfoodfacts.org/images/products/890/600/561/0942/front_en.3.400.jpg,false
8906090572118,Karare (Too Yumm),3587,3944,1905,snacks,https://images.openfoodfacts.org/images/products/890/609/057/2118/front_fr.3.400.jpg,false
8906032019664,Aarogya Multigrain Biscuits (Patanjali),11348,12867,1905,snacks,https://images.openfoodfacts.org/images/products/890/603/201/9664/front_en.3.400.jpg,false
8906010500542,Balaji Wafers Sev Murmura,8633,9876,1905,snacks,https://images.openfoodfacts.org/images/products/890/601/050/0542/front_en.3.400.jpg,false
8901058007060,Milkmaid Mini (Nestlé),13528,14487,1905,snacks,https://images.openfoodfacts.org/images/products/890/105/800/7060/front_en.6.400.jpg,false
8906090573122,Too yumm Chips blue,13083,14737,1905,snacks,https://images.openfoodfacts.org/images/products/890/609/057/3122/front_en.3.400.jpg,false
8909081001161,Bounce chocho (sunfest),6876,7573,1905,snacks,https://images.openfoodfacts.org/images/products/890/908/100/1161/front_en.4.400.jpg,false
8904071700376,Farali potato Chivda,5824,6546,1905,snacks,https://images.openfoodfacts.org/images/products/890/407/170/0376/front_fr.3.400.jpg,false
7622201712617,Chocobakes choco chip (Cadbury),10453,11355,1905,snacks,https://images.openfoodfacts.org/images/products/762/220/171/2617/front_en.3.400.jpg,false
8901393016635,Sour belt (Chupa chups),10493,11283,1905,snacks,https://images.openfoodfacts.org/images/products/890/139/301/6635/front_en.6.400.jpg,false
8906010503253,Balaji Wafers Dum Bar,1605,1812,1905,snacks,https://images.openfoodfacts.org/images/products/890/601/050/3253/front_en.3.400.jpg,false
8901063092815,Britannia goodday,3774,4169,1905,snacks,https://images.openfoodfacts.org/images/products/890/106/309/2815/front_en.3.400.jpg,false
8901063092761,Good Day Butter Jeera (Brittania),6276,6792,1905,snacks,https://images.openfoodfacts.org/images/products/890/106/309/2761/front_en.3.400.jpg,false
8901063368026,Gobbles fruit cake 55gm (Britannia),6237,6777,1905,snacks,https://images.openfoodfacts.org/images/products/890/106/336/8026/front_en.17.400.jpg,false
8901063012813,milk bikis,4994,5275,1905,snacks,https://images.openfoodfacts.org/images/products/890/106/301/2813/front_en.18.400.jpg,false
8901719135750,Parle G gold 475gm rs 67,14774,16268,1905,snacks,https://images.openfoodfacts.org/images/products/890/171/913/5750/front_en.11.400.jpg,false
8906078720029,Tomato cup (Gopal namkeen),7834,8812,1905,snacks,https://images.openfoodfacts.org/images/products/890/607/872/0029/front_en.6.400.jpg,false
8906090572200,Too Yummy! (RP - Sanjiv Goenka Group),10733,11919,1905,snacks,https://images.openfoodfacts.org/images/products/890/609/057/2200/front_en.7.400.jpg,false
8906004561078,Peanut Snacks (Yellow Diamond),4594,5269,1905,snacks,https://images.openfoodfacts.org/images/products/890/600/456/1078/front_en.3.400.jpg,false
8904071701212,Kachori,13729,15443,1905,snacks,https://images.openfoodfacts.org/images/products/890/407/170/1212/front_en.8.400.jpg,false
7622202257575,Oreo original,7021,7478,1905,snacks,https://images.openfoodfacts.org/images/products/762/220/225/7575/front_en.5.400.jpg,false
8908006989430,nutritius crush peanut chikki,4948,5243,1905,snacks,https://images.openfoodfacts.org/images/products/890/800/698/9430/front_en.7.400.jpg,false
3948719105913,Hide and seek (Parle platina),5654,6405,1905,snacks,https://images.openfoodfacts.org/images/products/394/871/910/5913/front_en.5.400.jpg,false
7622202326172,Cadbury Dairy Milk Silk Roast Almond,12887,13729,1905,snacks,https://images.openfoodfacts.org/images/products/762/220/232/6172/front_en.3.400.jpg,false
8903363007643,Nutri Delite Crunchies,4959,5456,1905,snacks,https://images.openfoodfacts.org/images/products/890/336/300/7643/front_en.3.400.jpg,false
8902579002121,Appy Fizz (Appy Fuzz),12448,13583,1905,snacks,https://images.openfoodfacts.org/images/products/890/257/900/2121/front_en.13.400.jpg,false
8906002482481,Snickers (Mars),10320,11161,1905,snacks,https://images.openfoodfacts.org/images/products/890/600/248/2481/front_en.40.400.jpg,false
8901063017634,Britannia 5050,12373,13870,1905,snacks,https://images.openfoodfacts.org/images/products/890/106/301/7634/front_fr.16.400.jpg,false
8906005500083,Bikaneri Bhujia,8423,9602,1905,snacks,https://images.openfoodfacts.org/images/products/890/600/550/0083/front_en.7.400.jpg,false
8901972058612,Waffy Chocolate (Dukes),3616,3869,1905,snacks,https://images.openfoodfacts.org/images/products/890/197/205/8612/front_en.19.400.jpg,false
8901491001120,Lays american style cream and onion (Lay's),14252,15844,1905,snacks,https://images.openfoodfacts.org/images/products/890/149/100/1120/front_en.9.400.jpg,false
8906002482450,Snickers Chocolate Bar (Mars),8913,9466,1905,snacks,https://images.openfoodfacts.org/images/products/890/600/248/2450/front_en.7.400.jpg,false
8000500126936,Ferrero Rocher,5388,5700,1905,snacks,https://images.openfoodfacts.org/images/products/800/050/012/6936/front_en.16.400.jpg,false
8901262071703,Twilight Tryst Single Origin Dark Chocolate (Amul),8182,8701,1905,snacks,https://images.openfoodfacts.org/images/products/890/126/207/1703/front_en.3.400.jpg,false
0856069005209,"Fine ground sea salt almond flour crackers, sea salt",8193,9096,1905,snacks,https://images.openfoodfacts.org/images/products/085/606/900/5209/front_en.9.400.jpg,false
8904340700007,pulse,1650,1787,1905,snacks,https://images.openfoodfacts.org/images/products/890/434/070/0007/front_fr.3.400.jpg,false
7622202031618,nutties (cadbury),13446,14777,1905,snacks,https://images.openfoodfacts.org/images/products/762/220/203/1618/front_en.3.400.jpg,false
8901725013769,Mad Angles Tomato Madness (Bingo),9590,10487,1905,snacks,https://images.openfoodfacts.org/images/products/890/172/501/3769/front_en.4.400.jpg,false
8906002484003,Snickers (Mars),7760,8805,1905,snacks,https://images.openfoodfacts.org/images/products/890/600/248/4003/front_en.10.400.jpg,false
8901512562609,Act II Popcorn,14369,16013,1905,snacks,https://images.openfoodfacts.org/images/products/890/151/256/2609/front_en.3.400.jpg,false
8908013479092,double cocoa protein bar (The Whole Truth),7562,8086,1905,snacks,https://images.openfoodfacts.org/images/products/890/801/347/9092/front_en.3.400.jpg,false
8902433003134,SNICKERS BUTTERSCOTCH FLAVOUR,5272,5630,1905,snacks,https://images.openfoodfacts.org/images/products/890/243/300/3134/front_en.36.400.jpg,false
8901063012578,Britannia Milk bikis,6441,7170,1905,snacks,https://images.openfoodfacts.org/images/products/890/106/301/2578/front_en.3.400.jpg,false
7622202218620,CHOC- LAYERED CAKES (Cadbury CHOCOBAKES),1824,2010,1905,snacks,https://images.openfoodfacts.org/images/products/762/220/221/8620/front_en.9.400.jpg,false
8901499011398,Kellogg's Museli Nuts delight,3278,3753,1905,snacks,https://images.openfoodfacts.org/images/products/890/149/901/1398/front_en.6.400.jpg,false
8901725013660,bingo mad angles (ITC Limited),13359,14595,1905,snacks,https://images.openfoodfacts.org/images/products/890/172/501/3660/front_en.3.400.jpg,false
8901393019469,Happydent wave,5033,5665,1905,snacks,https://images.openfoodfacts.org/images/products/890/139/301/9469/front_en.4.400.jpg,false
8902080334179,Nimbooz (7up),13730,14512,2202,beverages,https://images.openfoodfacts.org/images/products/890/208/033/4179/front_en.5.400.jpg,false
8901262152952,Protein Buttermilk (Amul),18295,20358,2202,beverages,https://images.openfoodfacts.org/images/products/890/126/215/2952/front_en.27.400.jpg,false
8901786120505,Kitchen King Masala (everest),19122,20665,2202,beverages,https://images.openfoodfacts.org/images/products/890/178/612/0505/front_en.12.400.jpg,false
8901542001703,Glucon D 500g cbd (Dabur),10253,11556,2202,beverages,https://images.openfoodfacts.org/images/products/890/154/200/1703/front_en.13.400.jpg,false
8908000589292,Fizz Jeera Masala (Bindu),2082,2350,2202,beverages,https://images.openfoodfacts.org/images/products/890/800/058/9292/front_en.3.400.jpg,false
8901030962226,Lipton,7140,8119,2202,beverages,https://images.openfoodfacts.org/images/products/890/103/096/2226/front_en.3.400.jpg,false
8901030976063,horlicks,2217,2540,2202,beverages,https://images.openfoodfacts.org/images/products/890/103/097/6063/front_en.9.400.jpg,false
8909106018280,"Horlicks (Hindustan, Unilever)",4265,4624,2202,beverages,https://images.openfoodfacts.org/images/products/890/910/601/8280/front_en.16.400.jpg,false
8901030456381,Taaza tea (brooke bond),12259,12987,2202,beverages,https://images.openfoodfacts.org/images/products/890/103/045/6381/front_en.6.400.jpg,false
8901207024542,Real masala Pomegranate fruit juice,9820,10544,2202,beverages,https://images.openfoodfacts.org/images/products/890/120/702/4542/front_en.15.400.jpg,false
8901207004391,Real Fruit Power Mango (Dabur),14370,15145,2202,beverages,https://images.openfoodfacts.org/images/products/890/120/700/4391/front_en.9.400.jpg,false
8901262153331,Amul Protein Blueberry Shake,14120,15856,2202,beverages,https://images.openfoodfacts.org/images/products/890/126/215/3331/front_en.4.400.jpg,false
8901764012471,Coke (Coca-Cola),18436,21152,2202,beverages,https://images.openfoodfacts.org/images/products/890/176/401/2471/front_en.3.400.jpg,false
8901030975530,Boost milk shake (Boost energy),4879,5162,2202,beverages,https://images.openfoodfacts.org/images/products/890/103/097/5530/front_en.3.400.jpg,false
8904132917347,Water with minerals (Independence),17610,19937,2202,beverages,https://images.openfoodfacts.org/images/products/890/413/291/7347/front_en.17.400.jpg,false
8902579304041,Parle Bailey,5852,6261,2202,beverages,https://images.openfoodfacts.org/images/products/890/257/930/4041/front_en.5.400.jpg,false
8939126731234,Vinral-Z,19697,20788,2202,beverages,https://images.openfoodfacts.org/images/products/893/912/673/1234/front_en.5.400.jpg,false
8906007780056,Vikram Kadak Dust Tea,11316,12053,2202,beverages,https://images.openfoodfacts.org/images/products/890/600/778/0056/front_en.4.400.jpg,false
8905002180007,Kingfisher Beer,11179,12376,2202,beverages,https://images.openfoodfacts.org/images/products/890/500/218/0007/front_en.4.400.jpg,false
8908018251211,Artos Carbonated Water,17036,18962,2202,beverages,https://images.openfoodfacts.org/images/products/890/801/825/1211/front_en.4.400.jpg,false
8901764012808,Coca-Cola 1.25L (The Coca-Cola Company),7552,7979,2202,beverages,https://images.openfoodfacts.org/images/products/890/176/401/2808/front_en.9.400.jpg,false
3948764052309,Limca 1ltr,7518,8612,2202,beverages,https://images.openfoodfacts.org/images/products/394/876/405/2309/front_en.3.400.jpg,false
8902080364343,"Mountain dew 2ltr (Pepsico, mountaindew)",10756,11996,2202,beverages,https://images.openfoodfacts.org/images/products/890/208/036/4343/front_en.8.400.jpg,false
8902080304349,7up 2.25,18928,19956,2202,beverages,https://images.openfoodfacts.org/images/products/890/208/030/4349/front_en.23.400.jpg,false
8901262152228,Amul kool elaichi 180ml,2835,3100,2202,beverages,https://images.openfoodfacts.org/images/products/890/126/215/2228/front_en.15.400.jpg,false
8906024370155,Jeeru,17494,19260,2202,beverages,https://images.openfoodfacts.org/images/products/890/602/437/0155/front_fr.3.400.jpg,false
8908001658058,Ocean Fruit drink crispy apple flavour,18089,20620,2202,beverages,https://images.openfoodfacts.org/images/products/890/800/165/8058/front_en.3.400.jpg,false
8906080602726,Paper Boat Swing yummy Guava 600ml pet,8594,9852,2202,beverages,https://images.openfoodfacts.org/images/products/890/608/060/2726/front_en.16.400.jpg,false
8901037010920,Desi Kahwa Green Tea (Girnar),10116,10883,2202,beverages,https://images.openfoodfacts.org/images/products/890/103/701/0920/front_en.6.400.jpg,false
8901764061189,Coca Cola (Coca-Cola),16373,17755,2202,beverages,https://images.openfoodfacts.org/images/products/890/176/406/1189/front_en.3.400.jpg,false
8902579002541,Fizz,18940,21341,2202,beverages,https://images.openfoodfacts.org/images/products/890/257/900/2541/front_en.3.400.jpg,false
3948764012501,Coca cola 2ltr (Coca-Cola),8304,9421,2202,beverages,https://images.openfoodfacts.org/images/products/394/876/401/2501/front_en.3.400.jpg,false
8906080603280,Green Apple Sparkling Water (Paper Boat),6057,6452,2202,beverages,https://images.openfoodfacts.org/images/products/890/608/060/3280/front_en.5.400.jpg,false
8901030949661,Horlicks Women+ Caramel Flv 400g pet,13035,14453,2202,beverages,https://images.openfoodfacts.org/images/products/890/103/094/9661/front_en.3.400.jpg,false
8903754000123,Gluco+ Strawberry Jelly Energy Drink (Tata),12627,14407,2202,beverages,https://images.openfoodfacts.org/images/products/890/375/400/0123/front_en.19.400.jpg,false
8901764022302,Fanta (Coca Cola),4341,4813,2202,beverages,https://images.openfoodfacts.org/images/products/890/176/402/2302/front_en.3.400.jpg,false
8901063146457,Britannia winking cow chocolate 180ml,14158,15193,2202,beverages,https://images.openfoodfacts.org/images/products/890/106/314/6457/front_en.36.400.jpg,false
8850389100691,Mogu Mogu Strawberry Juice (Sappe Public Company Limited),9716,10366,2202,beverages,https://images.openfoodfacts.org/images/products/885/038/910/0691/front_en.31.400.jpg,false
8901030985812,3 Roses Tea (Brooke Bond),3364,3815,2202,beverages,https://images.openfoodfacts.org/images/products/890/103/098/5812/front_en.15.400.jpg,false
8906080600586,Paper Boat Lychee Drink,14513,15461,2202,beverages,https://images.openfoodfacts.org/images/products/890/608/060/0586/front_fr.3.400.jpg,false
8902346050454,Enerzal Zero Orange Flavour,3625,3982,2202,beverages,https://images.openfoodfacts.org/images/products/890/234/605/0454/front_en.3.400.jpg,false
8901262153607,Protein Lassi - Plain (Amul),1932,2112,2202,beverages,https://images.openfoodfacts.org/images/products/890/126/215/3607/front_en.7.400.jpg,false
8906082520004,Kapiva Wild Amla Juice,13777,15577,2202,beverages,https://images.openfoodfacts.org/images/products/890/608/252/0004/front_en.5.400.jpg,false
8902080002665,Tropicana Frutz,4393,4997,2202,beverages,https://images.openfoodfacts.org/images/products/890/208/000/2665/front_en.12.400.jpg,false
8901044600930,Rose Sharbat (Mapro),15041,16072,2202,beverages,https://images.openfoodfacts.org/images/products/890/104/460/0930/front_en.17.400.jpg,false
8901052005062,Tata Tea Agni,5408,5804,2202,beverages,https://images.openfoodfacts.org/images/products/890/105/200/5062/front_en.3.400.jpg,false
8902080334049,7Up Nimbooz,6754,7227,2202,beverages,https://images.openfoodfacts.org/images/products/890/208/033/4049/front_en.3.400.jpg,false
8901764012501,Coke Brand Coca Cola 2ltr,12783,13671,2202,beverages,https://images.openfoodfacts.org/images/products/890/176/401/2501/front_en.6.400.jpg,false
8904258700465,Raw Pressery Valencia Orange,14111,15815,2202,beverages,https://images.openfoodfacts.org/images/products/890/425/870/0465/front_en.5.400.jpg,false
8903754313056,Tata Gluco+ Orange,8558,9682,2202,beverages,https://images.openfoodfacts.org/images/products/890/375/431/3056/front_en.8.400.jpg,false
8909961306416,Dettol Original Soap 125g Pack 1,9179,10157,3401,personal-care,https://images.openfoodfacts.org/images/products/8909961306416/1.jpg,true
8903873159177,Dove Cream Beauty Bathing Bar Pack 2,11236,12597,3401,personal-care,https://images.openfoodfacts.org/images/products/8903873159177/1.jpg,true
8906574140338,Nivea Soft Light Cream Pack 3,12011,13674,3401,personal-care,https://images.openfoodfacts.org/images/products/8906574140338/1.jpg,true
8905797119428,Head & Shoulders Shampoo 340ml Pack 4,7337,7962,3401,personal-care,https://images.openfoodfacts.org/images/products/8905797119428/1.jpg,true
8901340347362,Colgate MaxFresh Toothpaste Pack 5,13494,14570,3401,personal-care,https://images.openfoodfacts.org/images/products/8901340347362/1.jpg,true
8902464728808,Garnier Men Face Wash Pack 6,28434,32261,3401,personal-care,https://images.openfoodfacts.org/images/products/8902464728808/1.jpg,true
8905405514362,Dettol Original Soap 125g Pack 7,13478,14671,3401,personal-care,https://images.openfoodfacts.org/images/products/8905405514362/1.jpg,true
8906984226394,Dove Cream Beauty Bathing Bar Pack 8,13346,14033,3401,personal-care,https://images.openfoodfacts.org/images/products/8906984226394/1.jpg,true
8904449669175,Nivea Soft Light Cream Pack 9,4432,4820,3401,personal-care,https://images.openfoodfacts.org/images/products/8904449669175/1.jpg,true
8902108002769,Head & Shoulders Shampoo 340ml Pack 10,23125,25080,3401,personal-care,https://images.openfoodfacts.org/images/products/8902108002769/1.jpg,true
8908279723069,Colgate MaxFresh Toothpaste Pack 11,24192,25965,3401,personal-care,https://images.openfoodfacts.org/images/products/8908279723069/1.jpg,true
8904376534485,Garnier Men Face Wash Pack 12,20604,23425,3401,personal-care,https://images.openfoodfacts.org/images/products/8904376534485/1.jpg,true
8904944416038,Dettol Original Soap 125g Pack 13,15914,17116,3401,personal-care,https://images.openfoodfacts.org/images/products/8904944416038/1.jpg,true
8909120914957,Dove Cream Beauty Bathing Bar Pack 14,16281,17531,3401,personal-care,https://images.openfoodfacts.org/images/products/8909120914957/1.jpg,true
8905169531711,Nivea Soft Light Cream Pack 15,13581,15438,3401,personal-care,https://images.openfoodfacts.org/images/products/8905169531711/1.jpg,true
8901633743857,Head & Shoulders Shampoo 340ml Pack 16,4734,5050,3401,personal-care,https://images.openfoodfacts.org/images/products/8901633743857/1.jpg,true
8901051492283,Colgate MaxFresh Toothpaste Pack 17,20993,23264,3401,personal-care,https://images.openfoodfacts.org/images/products/8901051492283/1.jpg,true
8901840205407,Garnier Men Face Wash Pack 18,13148,14186,3401,personal-care,https://images.openfoodfacts.org/images/products/8901840205407/1.jpg,true
8902675863442,Dettol Original Soap 125g Pack 19,12623,14272,3401,personal-care,https://images.openfoodfacts.org/images/products/8902675863442/1.jpg,true
8901050071144,Dove Cream Beauty Bathing Bar Pack 20,8434,9320,3401,personal-care,https://images.openfoodfacts.org/images/products/8901050071144/1.jpg,true
8904347741010,Nivea Soft Light Cream Pack 21,15153,16814,3401,personal-care,https://images.openfoodfacts.org/images/products/8904347741010/1.jpg,true
8904505142567,Head & Shoulders Shampoo 340ml Pack 22,19197,20529,3401,personal-care,https://images.openfoodfacts.org/images/products/8904505142567/1.jpg,true
8908606318586,Colgate MaxFresh Toothpaste Pack 23,6171,6704,3401,personal-care,https://images.openfoodfacts.org/images/products/8908606318586/1.jpg,true
8908661586975,Garnier Men Face Wash Pack 24,27867,31924,3401,personal-care,https://images.openfoodfacts.org/images/products/8908661586975/1.jpg,true
8906632029346,Dettol Original Soap 125g Pack 25,15420,17506,3401,personal-care,https://images.openfoodfacts.org/images/products/8906632029346/1.jpg,true
8901649300266,Dove Cream Beauty Bathing Bar Pack 26,24257,26884,3401,personal-care,https://images.openfoodfacts.org/images/products/8901649300266/1.jpg,true
8907544254109,Nivea Soft Light Cream Pack 27,19637,21499,3401,personal-care,https://images.openfoodfacts.org/images/products/8907544254109/1.jpg,true
8902469010465,Head & Shoulders Shampoo 340ml Pack 28,14920,17058,3401,personal-care,https://images.openfoodfacts.org/images/products/8902469010465/1.jpg,true
8906859893515,Colgate MaxFresh Toothpaste Pack 29,13996,15122,3401,personal-care,https://images.openfoodfacts.org/images/products/8906859893515/1.jpg,true
8905169183804,Garnier Men Face Wash Pack 30,28450,31418,3401,personal-care,https://images.openfoodfacts.org/images/products/8905169183804/1.jpg,true
8902594701610,Dettol Original Soap 125g Pack 31,15805,17201,3401,personal-care,https://images.openfoodfacts.org/images/products/8902594701610/1.jpg,true
8909483296424,Dove Cream Beauty Bathing Bar Pack 32,6835,7201,3401,personal-care,https://images.openfoodfacts.org/images/products/8909483296424/1.jpg,true
8902519897633,Nivea Soft Light Cream Pack 33,29994,33520,3401,personal-care,https://images.openfoodfacts.org/images/products/8902519897633/1.jpg,true
8904491839007,Head & Shoulders Shampoo 340ml Pack 34,25362,28897,3401,personal-care,https://images.openfoodfacts.org/images/products/8904491839007/1.jpg,true
8908761384433,Colgate MaxFresh Toothpaste Pack 35,20617,22209,3401,personal-care,https://images.openfoodfacts.org/images/products/8908761384433/1.jpg,true
8905197089666,Garnier Men Face Wash Pack 36,14636,15570,3401,personal-care,https://images.openfoodfacts.org/images/products/8905197089666/1.jpg,true
8907142165791,Dettol Original Soap 125g Pack 37,28996,32596,3401,personal-care,https://images.openfoodfacts.org/images/products/8907142165791/1.jpg,true
8904302448312,Dove Cream Beauty Bathing Bar Pack 38,27914,30832,3401,personal-care,https://images.openfoodfacts.org/images/products/8904302448312/1.jpg,true
8909200372295,Nivea Soft Light Cream Pack 39,27365,30401,3401,personal-care,https://images.openfoodfacts.org/images/products/8909200372295/1.jpg,true
8901959782394,Head & Shoulders Shampoo 340ml Pack 40,23142,24554,3401,personal-care,https://images.openfoodfacts.org/images/products/8901959782394/1.jpg,true
8907181629049,Colgate MaxFresh Toothpaste Pack 41,18814,21311,3401,personal-care,https://images.openfoodfacts.org/images/products/8907181629049/1.jpg,true
8909322995716,Garnier Men Face Wash Pack 42,22726,25227,3401,personal-care,https://images.openfoodfacts.org/images/products/8909322995716/1.jpg,true
8905908876950,Dettol Original Soap 125g Pack 43,32125,35060,3401,personal-care,https://images.openfoodfacts.org/images/products/8905908876950/1.jpg,true
8901742367289,Dove Cream Beauty Bathing Bar Pack 44,19169,20613,3401,personal-care,https://images.openfoodfacts.org/images/products/8901742367289/1.jpg,true
8902921645907,Nivea Soft Light Cream Pack 45,22439,24008,3401,personal-care,https://images.openfoodfacts.org/images/products/8902921645907/1.jpg,true
8909633139328,Head & Shoulders Shampoo 340ml Pack 46,30875,33493,3401,personal-care,https://images.openfoodfacts.org/images/products/8909633139328/1.jpg,true
8908436421401,Colgate MaxFresh Toothpaste Pack 47,31986,36049,3401,personal-care,https://images.openfoodfacts.org/images/products/8908436421401/1.jpg,true
8909911826414,Garnier Men Face Wash Pack 48,33174,37503,3401,personal-care,https://images.openfoodfacts.org/images/products/8909911826414/1.jpg,true
8904753844114,Dettol Original Soap 125g Pack 49,7916,8578,3401,personal-care,https://images.openfoodfacts.org/images/products/8904753844114/1.jpg,true
8907811716941,Dove Cream Beauty Bathing Bar Pack 50,13958,15341,3401,personal-care,https://images.openfoodfacts.org/images/products/8907811716941/1.jpg,true
8909688027113,Surf Excel Easy Wash 1kg Pack 1,15486,16807,3402,household,https://images.openfoodfacts.org/images/products/8909688027113/1.jpg,true
8909952453082,Vim Dishwash Gel 500ml Pack 2,15588,16899,3402,household,https://images.openfoodfacts.org/images/products/8909952453082/1.jpg,true
8905779543470,Harpic Power Plus Cleaner 1L Pack 3,5653,6131,3402,household,https://images.openfoodfacts.org/images/products/8905779543470/1.jpg,true
8905100859126,Colin Glass Cleaner 500ml Pack 4,14604,15806,3402,household,https://images.openfoodfacts.org/images/products/8905100859126/1.jpg,true
8908064476729,Dettol Disinfectant Spray Pack 5,32851,34934,3402,household,https://images.openfoodfacts.org/images/products/8908064476729/1.jpg,true
8906432599490,Comfort After Wash Fabric Conditioner Pack 6,9528,10396,3402,household,https://images.openfoodfacts.org/images/products/8906432599490/1.jpg,true
8904879847211,Surf Excel Easy Wash 1kg Pack 7,38984,42304,3402,household,https://images.openfoodfacts.org/images/products/8904879847211/1.jpg,true
8902199587251,Vim Dishwash Gel 500ml Pack 8,29957,33037,3402,household,https://images.openfoodfacts.org/images/products/8902199587251/1.jpg,true
8903588465136,Harpic Power Plus Cleaner 1L Pack 9,17204,18513,3402,household,https://images.openfoodfacts.org/images/products/8903588465136/1.jpg,true
8902945136504,Colin Glass Cleaner 500ml Pack 10,32887,36262,3402,household,https://images.openfoodfacts.org/images/products/8902945136504/1.jpg,true
8904576901759,Dettol Disinfectant Spray Pack 11,29511,32665,3402,household,https://images.openfoodfacts.org/images/products/8904576901759/1.jpg,true
8907225508637,Comfort After Wash Fabric Conditioner Pack 12,29054,31492,3402,household,https://images.openfoodfacts.org/images/products/8907225508637/1.jpg,true
8909948240924,Surf Excel Easy Wash 1kg Pack 13,14040,15812,3402,household,https://images.openfoodfacts.org/images/products/8909948240924/1.jpg,true
8901277410955,Vim Dishwash Gel 500ml Pack 14,13375,14866,3402,household,https://images.openfoodfacts.org/images/products/8901277410955/1.jpg,true
8908898767505,Harpic Power Plus Cleaner 1L Pack 15,19676,22402,3402,household,https://images.openfoodfacts.org/images/products/8908898767505/1.jpg,true
8904929201321,Colin Glass Cleaner 500ml Pack 16,24967,27583,3402,household,https://images.openfoodfacts.org/images/products/8904929201321/1.jpg,true
8901069312580,Dettol Disinfectant Spray Pack 17,22662,24864,3402,household,https://images.openfoodfacts.org/images/products/8901069312580/1.jpg,true
8909841369562,Comfort After Wash Fabric Conditioner Pack 18,16087,17065,3402,household,https://images.openfoodfacts.org/images/products/8909841369562/1.jpg,true
8903854766967,Surf Excel Easy Wash 1kg Pack 19,18056,19300,3402,household,https://images.openfoodfacts.org/images/products/8903854766967/1.jpg,true
8909074377846,Vim Dishwash Gel 500ml Pack 20,19017,20299,3402,household,https://images.openfoodfacts.org/images/products/8909074377846/1.jpg,true
8902766151588,Harpic Power Plus Cleaner 1L Pack 21,18746,20664,3402,household,https://images.openfoodfacts.org/images/products/8902766151588/1.jpg,true
8906857316498,Colin Glass Cleaner 500ml Pack 22,25248,28276,3402,household,https://images.openfoodfacts.org/images/products/8906857316498/1.jpg,true
8909785704054,Dettol Disinfectant Spray Pack 23,20337,22491,3402,household,https://images.openfoodfacts.org/images/products/8909785704054/1.jpg,true
8908136461592,Comfort After Wash Fabric Conditioner Pack 24,39539,43183,3402,household,https://images.openfoodfacts.org/images/products/8908136461592/1.jpg,true
8903448275875,Surf Excel Easy Wash 1kg Pack 25,34007,38642,3402,household,https://images.openfoodfacts.org/images/products/8903448275875/1.jpg,true
8905207900936,Vim Dishwash Gel 500ml Pack 26,39596,45173,3402,household,https://images.openfoodfacts.org/images/products/8905207900936/1.jpg,true
8903049390625,Harpic Power Plus Cleaner 1L Pack 27,16742,17592,3402,household,https://images.openfoodfacts.org/images/products/8903049390625/1.jpg,true
8901566717192,Colin Glass Cleaner 500ml Pack 28,36389,40068,3402,household,https://images.openfoodfacts.org/images/products/8901566717192/1.jpg,true
8908961233081,Dettol Disinfectant Spray Pack 29,5780,6220,3402,household,https://images.openfoodfacts.org/images/products/8908961233081/1.jpg,true
8904305204908,Comfort After Wash Fabric Conditioner Pack 30,26885,29904,3402,household,https://images.openfoodfacts.org/images/products/8904305204908/1.jpg,true
8905179842289,Surf Excel Easy Wash 1kg Pack 31,5857,6700,3402,household,https://images.openfoodfacts.org/images/products/8905179842289/1.jpg,true
8908549424955,Vim Dishwash Gel 500ml Pack 32,18926,19979,3402,household,https://images.openfoodfacts.org/images/products/8908549424955/1.jpg,true
8904468161223,Harpic Power Plus Cleaner 1L Pack 33,13889,15064,3402,household,https://images.openfoodfacts.org/images/products/8904468161223/1.jpg,true
8909981351649,Colin Glass Cleaner 500ml Pack 34,14013,15533,3402,household,https://images.openfoodfacts.org/images/products/8909981351649/1.jpg,true
8907280859866,Dettol Disinfectant Spray Pack 35,10956,12066,3402,household,https://images.openfoodfacts.org/images/products/8907280859866/1.jpg,true
8909506869499,Comfort After Wash Fabric Conditioner Pack 36,14497,16052,3402,household,https://images.openfoodfacts.org/images/products/8909506869499/1.jpg,true
8908461633350,Surf Excel Easy Wash 1kg Pack 37,16463,18878,3402,household,https://images.openfoodfacts.org/images/products/8908461633350/1.jpg,true
8904281817536,Vim Dishwash Gel 500ml Pack 38,26784,29651,3402,household,https://images.openfoodfacts.org/images/products/8904281817536/1.jpg,true
8908528028785,Harpic Power Plus Cleaner 1L Pack 39,11557,13041,3402,household,https://images.openfoodfacts.org/images/products/8908528028785/1.jpg,true
8908068798995,Colin Glass Cleaner 500ml Pack 40,16431,18198,3402,household,https://images.openfoodfacts.org/images/products/8908068798995/1.jpg,true
8904942431002,Dettol Disinfectant Spray Pack 41,6791,7288,3402,household,https://images.openfoodfacts.org/images/products/8904942431002/1.jpg,true
8901515780413,Comfort After Wash Fabric Conditioner Pack 42,36836,40887,3402,household,https://images.openfoodfacts.org/images/products/8901515780413/1.jpg,true
8907557564424,Surf Excel Easy Wash 1kg Pack 43,33482,36165,3402,household,https://images.openfoodfacts.org/images/products/8907557564424/1.jpg,true
8904110526691,Vim Dishwash Gel 500ml Pack 44,24697,27256,3402,household,https://images.openfoodfacts.org/images/products/8904110526691/1.jpg,true
8902395124212,Harpic Power Plus Cleaner 1L Pack 45,27168,28667,3402,household,https://images.openfoodfacts.org/images/products/8902395124212/1.jpg,true
8901161198631,Colin Glass Cleaner 500ml Pack 46,9123,9962,3402,household,https://images.openfoodfacts.org/images/products/8901161198631/1.jpg,true
8901569340755,Dettol Disinfectant Spray Pack 47,20025,22075,3402,household,https://images.openfoodfacts.org/images/products/8901569340755/1.jpg,true
8905508827611,Comfort After Wash Fabric Conditioner Pack 48,15688,16542,3402,household,https://images.openfoodfacts.org/images/products/8905508827611/1.jpg,true
8904649082552,Surf Excel Easy Wash 1kg Pack 49,24488,27963,3402,household,https://images.openfoodfacts.org/images/products/8904649082552/1.jpg,true
8907098682564,Vim Dishwash Gel 500ml Pack 50,14977,16344,3402,household,https://images.openfoodfacts.org/images/products/8907098682564/1.jpg,true
8901719125478,Parle-G gold 75g,6372,6812,1905,biscuits,https://images.openfoodfacts.org/images/products/890/171/912/5478/front_en.7.400.jpg,false
8901719101038,Parle - G,13791,14948,1905,biscuits,https://images.openfoodfacts.org/images/products/890/171/910/1038/front_en.20.400.jpg,false
8901123005403,Lotto Choco Pie With Rich Marshmallow (Lotte),2020,2303,1905,biscuits,https://images.openfoodfacts.org/images/products/890/112/300/5403/front_en.24.400.jpg,false
8901719117220,Parle Hide &seek 200g(30),6502,7341,1905,biscuits,https://images.openfoodfacts.org/images/products/890/171/911/7220/front_en.8.400.jpg,false
8901063017399,Britannia 5050 maska chaska (300g),17952,20607,1905,biscuits,https://images.openfoodfacts.org/images/products/890/106/301/7399/front_en.8.400.jpg,false
8901063155459,Tiger Krunch ChocoChips (Britannia),9571,10635,1905,biscuits,https://images.openfoodfacts.org/images/products/890/106/315/5459/front_en.11.400.jpg,false
8901063093355,Good Day Cashew Cookies Medium Pack 600g (Britannia),11596,13305,1905,biscuits,https://images.openfoodfacts.org/images/products/890/106/309/3355/front_en.3.400.jpg,false
8901063017702,50 50 Gol Maal (Britannia),17679,20031,1905,biscuits,https://images.openfoodfacts.org/images/products/890/106/301/7702/front_en.3.400.jpg,false
8996001312490,Mayora Malkist Chocolate Flavored Sandwich Cracker Biscuits,15208,16365,1905,biscuits,https://images.openfoodfacts.org/images/products/899/600/131/2490/front_en.14.400.jpg,false
8901063162600,Marie Gold (Britannia),13259,15228,1905,biscuits,https://images.openfoodfacts.org/images/products/890/106/316/2600/front_en.10.400.jpg,false
8901314717429,Papadopoulos caprice,6557,6938,1905,biscuits,https://images.openfoodfacts.org/images/products/890/131/471/7429/front_en.12.400.jpg,false
8901719135521,PARLE MARIE,7118,7812,1905,biscuits,https://images.openfoodfacts.org/images/products/890/171/913/5521/front_en.4.400.jpg,false
8901063139374,BOURBON (Britannia),8520,8954,1905,biscuits,https://images.openfoodfacts.org/images/products/890/106/313/9374/front_en.31.400.jpg,false
8906009803784,Dukes Waffy straberry,6520,7022,1905,biscuits,https://images.openfoodfacts.org/images/products/890/600/980/3784/front_en.3.400.jpg,false
8901063029316,brittania Jimjam pops (Britannia),12673,14151,1905,biscuits,https://images.openfoodfacts.org/images/products/890/106/302/9316/front_en.31.400.jpg,false
7622202225598,OREO,13663,15047,1905,biscuits,https://images.openfoodfacts.org/images/products/762/220/222/5598/front_en.5.400.jpg,false
8901725014988,sunfeast,2769,3063,1905,biscuits,https://images.openfoodfacts.org/images/products/890/172/501/4988/front_en.3.400.jpg,false
8901719135569,Parle m,3332,3801,1905,biscuits,https://images.openfoodfacts.org/images/products/890/171/913/5569/front_en.14.400.jpg,false
8901719135170,parle monaco 700g,6067,6823,1905,biscuits,https://images.openfoodfacts.org/images/products/890/171/913/5170/front_en.16.400.jpg,false
8909081003394,WOWZERS,17724,18939,1905,biscuits,https://images.openfoodfacts.org/images/products/890/908/100/3394/front_en.3.400.jpg,false
8901063142534,BRITANNIA nutri Choice,2019,2150,1905,biscuits,https://images.openfoodfacts.org/images/products/890/106/314/2534/front_en.12.400.jpg,false
8901719124143,ParleG gold 75 g,7106,7787,1905,biscuits,https://images.openfoodfacts.org/images/products/890/171/912/4143/front_en.8.400.jpg,false
8901063155442,Tiger Krunch ChocoChips (Britannia),10042,10664,1905,biscuits,https://images.openfoodfacts.org/images/products/890/106/315/5442/front_en.3.400.jpg,false
8901063142114,Britannia Nutri Choice Oats,4693,5061,1905,biscuits,https://images.openfoodfacts.org/images/products/890/106/314/2114/front_en.3.400.jpg,false
8901063142428,Nutri choice Digestive (Britania),4270,4726,1905,biscuits,https://images.openfoodfacts.org/images/products/890/106/314/2428/front_en.3.400.jpg,false
8908008674785,Wafer richeese (Nabati),7802,8636,1905,biscuits,https://images.openfoodfacts.org/images/products/890/800/867/4785/front_en.3.400.jpg,false
8901725004682,"farmlite oats & chocolate Cookies (ITC, Sunfeast)",14845,16220,1905,biscuits,https://images.openfoodfacts.org/images/products/890/172/500/4682/front_en.3.400.jpg,false
8901063142213,Britannia nutri choice 75g,11497,12275,1905,biscuits,https://images.openfoodfacts.org/images/products/890/106/314/2213/front_en.3.400.jpg,false
8901063016934,BRITANNIA 5050,13177,14231,1905,biscuits,https://images.openfoodfacts.org/images/products/890/106/301/6934/front_en.12.400.jpg,false
8901719117213,Parle HIDEGSEEK,11294,12640,1905,biscuits,https://images.openfoodfacts.org/images/products/890/171/911/7213/front_fr.15.400.jpg,false
8909081001185,Bounce Orange Cream Biscuit (Sunfeast),13299,14858,1905,biscuits,https://images.openfoodfacts.org/images/products/890/908/100/1185/front_en.3.400.jpg,false
8901063012752,BRITANNIA MiIk Biscuits,3924,4151,1905,biscuits,https://images.openfoodfacts.org/images/products/890/106/301/2752/front_en.6.400.jpg,false
7622202252396,OREO 30/-,3443,3628,1905,biscuits,https://images.openfoodfacts.org/images/products/762/220/225/2396/front_en.16.400.jpg,false
8901719135743,Parle G gold,2664,2923,1905,biscuits,https://images.openfoodfacts.org/images/products/890/171/913/5743/front_en.4.400.jpg,false
8901063014145,Vita Marie Gold (Britannia Industries Ltd),8245,8998,1905,biscuits,https://images.openfoodfacts.org/images/products/890/106/301/4145/front_en.10.400.jpg,false
8901063029262,Jim jam92 g (Britannia),17660,19015,1905,biscuits,https://images.openfoodfacts.org/images/products/890/106/302/9262/front_en.5.400.jpg,false
8906009079813,Choco Chip Cookies (Unibic),11367,12241,1905,biscuits,https://images.openfoodfacts.org/images/products/890/600/907/9813/front_en.3.400.jpg,false
0073935942400,"Manner - Chocolate Cream Filled Wafers, 2.5oz (72g)",16266,18010,1905,biscuits,https://images.openfoodfacts.org/images/products/007/393/594/2400/front_en.5.400.jpg,false
8906009070636,Fruit & Nut Cookies (Unibic),6083,6795,1905,biscuits,https://images.openfoodfacts.org/images/products/890/600/907/0636/front_en.3.400.jpg,false
8906032019671,Nariyal Biscuits (Patanjali),6968,7442,1905,biscuits,https://images.openfoodfacts.org/images/products/890/603/201/9671/front_en.18.400.jpg,false
8901063012660,Milk Bikis (Britannia),7941,8856,1905,biscuits,https://images.openfoodfacts.org/images/products/890/106/301/2660/front_en.10.400.jpg,false
8901725013004,"Marie light family pack (ITC, Sunfeast)",3549,3939,1905,biscuits,https://images.openfoodfacts.org/images/products/890/172/501/3004/front_en.3.400.jpg,false
8901725016562,"Sunfeast 5-grain Digestive (ITC, Sunfeast)",14586,16471,1905,biscuits,https://images.openfoodfacts.org/images/products/890/172/501/6562/front_en.3.400.jpg,false
8901725017552,Sunfeast Nice,13792,15435,1905,biscuits,https://images.openfoodfacts.org/images/products/890/172/501/7552/front_en.9.400.jpg,false
8909081000300,Dark Fantasy Sandwich Crème Vanilla Flavoured Crème (Sunfeast),16820,17930,1905,biscuits,https://images.openfoodfacts.org/images/products/890/908/100/0300/front_en.3.400.jpg,false
8901725015428,Sunfeast marie light Vita Orange (sunfest),13547,14692,1905,biscuits,https://images.openfoodfacts.org/images/products/890/172/501/5428/front_en.5.400.jpg,false
8901719134975,Parle Marie 800g,15741,16941,1905,biscuits,https://images.openfoodfacts.org/images/products/890/171/913/4975/front_en.5.400.jpg,false
8901063033689,Britaninia Treat Choco Creme Biscuits,15493,16633,1905,biscuits,https://images.openfoodfacts.org/images/products/890/106/303/3689/front_en.3.400.jpg,false
8901719135316,Krack jack (Parle),3182,3532,1905,biscuits,https://images.openfoodfacts.org/images/products/890/171/913/5316/front_en.3.400.jpg,false
8906188960032,unibic fruit and nut cookies,17105,18002,1905,biscuits,https://images.openfoodfacts.org/images/products/890/618/896/0032/front_en.9.400.jpg,false
8901071704496,HERSHEY KISSes (SHARES),12736,13838,1806,chocolates,https://images.openfoodfacts.org/images/products/890/107/170/4496/front_en.17.400.jpg,false
8906143890527,Sea Salt Dark Chocolate (The Whole Truth),24162,25592,1806,chocolates,https://images.openfoodfacts.org/images/products/890/614/389/0527/front_en.4.400.jpg,false
8907065117532,Milk Compound Chips (Puramate),7042,7573,1806,chocolates,https://images.openfoodfacts.org/images/products/890/706/511/7532/front_en.5.400.jpg,false
7622202334511,PERK (Cadbury),20984,22039,1806,chocolates,https://images.openfoodfacts.org/images/products/762/220/233/4511/front_en.35.400.jpg,false
8906143890503,Orange Dark Chocolate (The Whole Truth),14815,15952,1806,chocolates,https://images.openfoodfacts.org/images/products/890/614/389/0503/front_en.3.400.jpg,false
8901058024401,KiKat,3733,3926,1806,chocolates,https://images.openfoodfacts.org/images/products/890/105/802/4401/front_en.3.400.jpg,false
6945016062403,Amul chocominis,18320,20857,1806,chocolates,https://images.openfoodfacts.org/images/products/694/501/606/2403/front_en.3.400.jpg,false
8920068534038,WOFELLE TASTE OF COCONUT,16864,18924,1806,chocolates,https://images.openfoodfacts.org/images/products/892/006/853/4038/front_en.3.400.jpg,false
8901262071208,"Amul Probiotic Chocolate, 150g",12821,13970,1806,chocolates,https://images.openfoodfacts.org/images/products/890/126/207/1208/front_en.3.400.jpg,false
8938506900857,Dark Chocolate Signature Hoi An (Alluvia Chocolatier),24558,26729,1806,chocolates,https://images.openfoodfacts.org/images/products/893/850/690/0857/front_en.3.400.jpg,false
7622202846816,Cadbury Fuse,12230,13474,1806,chocolates,https://images.openfoodfacts.org/images/products/762/220/284/6816/front_en.14.400.jpg,false
8906091685053,Dark Chocolate 87% (Paul and Mike),12786,14597,1806,chocolates,https://images.openfoodfacts.org/images/products/890/609/168/5053/front_en.3.400.jpg,false
8901058028959,Milkybar (Nestlé),12732,14456,1806,chocolates,https://images.openfoodfacts.org/images/products/890/105/802/8959/front_en.3.400.jpg,false
8904192222788,"Chocolate (Hazel Twirl, Thoughtful)",20541,22951,1806,chocolates,https://images.openfoodfacts.org/images/products/890/419/222/2788/front_en.3.400.jpg,false
7622202823862,Cadbury Bournville Intense Orange 70%,12577,14415,1806,chocolates,https://images.openfoodfacts.org/images/products/762/220/282/3862/front_en.3.400.jpg,false
8901071705646,Milk Chocolate (Hershey's),19415,21983,1806,chocolates,https://images.openfoodfacts.org/images/products/890/107/170/5646/front_en.6.400.jpg,false
8901058029949,Milkybar (Nestlé),7853,8889,1806,chocolates,https://images.openfoodfacts.org/images/products/890/105/802/9949/front_en.3.400.jpg,false
7622202820823,Fuse (Cadbury),12934,14103,1806,chocolates,https://images.openfoodfacts.org/images/products/762/220/282/0823/front_en.3.400.jpg,false
7622202326141,Dairy milk,7347,8055,1806,chocolates,https://images.openfoodfacts.org/images/products/762/220/232/6141/front_en.3.400.jpg,false
8901071705585,Choco tubes (Hershey's),7502,8315,1806,chocolates,https://images.openfoodfacts.org/images/products/890/107/170/5585/front_en.3.400.jpg,false
8904083321743,Capella Dark Chocolate 55% Fruit & Nut (Milky Mist),12502,14264,1806,chocolates,https://images.openfoodfacts.org/images/products/890/408/332/1743/front_en.3.400.jpg,false
8901713265132,Cadbury Dairy Milk Silk 150g Pack 1,3969,4553,1806,chocolates,https://images.openfoodfacts.org/images/products/8901713265132/1.jpg,false
8901540665563,KitKat 4-Finger Wafer Pack 2,4130,4390,1806,chocolates,https://images.openfoodfacts.org/images/products/8901540665563/1.jpg,false
8909383820095,Snickers Peanut Bar 50g Pack 3,6273,7169,1806,chocolates,https://images.openfoodfacts.org/images/products/8909383820095/1.jpg,false
8907532535227,Ferrero Rocher 16 Pieces Pack 4,23735,25711,1806,chocolates,https://images.openfoodfacts.org/images/products/8907532535227/1.jpg,false
8909183286695,Amul Dark Chocolate 150g Pack 5,23634,26046,1806,chocolates,https://images.openfoodfacts.org/images/products/8909183286695/1.jpg,false
8904921124222,Nestle Munch Crisp Pack 6,9823,11293,1806,chocolates,https://images.openfoodfacts.org/images/products/8904921124222/1.jpg,false
8906085728643,Cadbury Dairy Milk Silk 150g Pack 7,23017,26416,1806,chocolates,https://images.openfoodfacts.org/images/products/8906085728643/1.jpg,false
8909970520421,KitKat 4-Finger Wafer Pack 8,23565,25494,1806,chocolates,https://images.openfoodfacts.org/images/products/8909970520421/1.jpg,false
8903295029546,Snickers Peanut Bar 50g Pack 9,7354,7901,1806,chocolates,https://images.openfoodfacts.org/images/products/8903295029546/1.jpg,false
8909741885193,Ferrero Rocher 16 Pieces Pack 10,21909,23734,1806,chocolates,https://images.openfoodfacts.org/images/products/8909741885193/1.jpg,false
8909693396860,Amul Dark Chocolate 150g Pack 11,9987,10496,1806,chocolates,https://images.openfoodfacts.org/images/products/8909693396860/1.jpg,false
8908034349831,Nestle Munch Crisp Pack 12,18425,20025,1806,chocolates,https://images.openfoodfacts.org/images/products/8908034349831/1.jpg,false
8902804649985,Cadbury Dairy Milk Silk 150g Pack 13,11540,12472,1806,chocolates,https://images.openfoodfacts.org/images/products/8902804649985/1.jpg,false
8906805528577,KitKat 4-Finger Wafer Pack 14,14842,16860,1806,chocolates,https://images.openfoodfacts.org/images/products/8906805528577/1.jpg,false
8904785037652,Snickers Peanut Bar 50g Pack 15,16605,18911,1806,chocolates,https://images.openfoodfacts.org/images/products/8904785037652/1.jpg,false
8903087286485,Ferrero Rocher 16 Pieces Pack 16,2283,2527,1806,chocolates,https://images.openfoodfacts.org/images/products/8903087286485/1.jpg,false
8903413600596,Amul Dark Chocolate 150g Pack 17,16125,17627,1806,chocolates,https://images.openfoodfacts.org/images/products/8903413600596/1.jpg,false
8906254232919,Nestle Munch Crisp Pack 18,21472,23605,1806,chocolates,https://images.openfoodfacts.org/images/products/8906254232919/1.jpg,false
8905484155951,Cadbury Dairy Milk Silk 150g Pack 19,19823,22788,1806,chocolates,https://images.openfoodfacts.org/images/products/8905484155951/1.jpg,false
8909867508990,KitKat 4-Finger Wafer Pack 20,7863,8966,1806,chocolates,https://images.openfoodfacts.org/images/products/8909867508990/1.jpg,false
8901533651320,Snickers Peanut Bar 50g Pack 21,11247,12071,1806,chocolates,https://images.openfoodfacts.org/images/products/8901533651320/1.jpg,false
8901589845292,Ferrero Rocher 16 Pieces Pack 22,13248,14792,1806,chocolates,https://images.openfoodfacts.org/images/products/8901589845292/1.jpg,false
8905468252003,Amul Dark Chocolate 150g Pack 23,12405,13593,1806,chocolates,https://images.openfoodfacts.org/images/products/8905468252003/1.jpg,false
8904890352091,Nestle Munch Crisp Pack 24,20748,23332,1806,chocolates,https://images.openfoodfacts.org/images/products/8904890352091/1.jpg,false
8901527466985,Cadbury Dairy Milk Silk 150g Pack 25,18865,20370,1806,chocolates,https://images.openfoodfacts.org/images/products/8901527466985/1.jpg,false
8902202460113,KitKat 4-Finger Wafer Pack 26,15557,17010,1806,chocolates,https://images.openfoodfacts.org/images/products/8902202460113/1.jpg,false
8906266768901,Snickers Peanut Bar 50g Pack 27,12656,14507,1806,chocolates,https://images.openfoodfacts.org/images/products/8906266768901/1.jpg,false
8908756032196,Ferrero Rocher 16 Pieces Pack 28,19630,20713,1806,chocolates,https://images.openfoodfacts.org/images/products/8908756032196/1.jpg,false
8909324130368,Amul Dark Chocolate 150g Pack 29,8068,9125,1806,chocolates,https://images.openfoodfacts.org/images/products/8909324130368/1.jpg,false
